0,100,0,97.3087805314,3.52054109701,98.6543902657,1.7602705485,2.09439510239,5,98.6543902657,1.7602705485,2.09439510239,5
1,99.8750260395,4.99791692707,104.211186828,0.6745579439,99.2552129614,4.3692837623,2.02607972119,4.76828805668,99.2552129614,4.3692837623,2.02607972119,4.76828805668
2,99.5004165278,9.98334166468,104.380348845,8.53986896159,100.317798248,9.17712152548,1.83778393588,4.59868188962,100.317798248,9.17712152548,1.83778393588,4.59868188962
3,98.8771077936,14.9438132474,100.564059056,17.5076471363,100.058087493,15.0278366598,1.78546467981,4.76271868852,100.058087493,15.0278366598,1.78546467981,4.76271868852
4,98.0066577841,19.8669330795,93.026187301,12.3792021125,95.90100292,16.9241986727,2.06765709681,4.48464781261,95.90100292,16.9241986727,2.06765709681,4.48464781261
5,96.8912421711,24.7403959255,94.2751720126,17.4764603036,93.8176190204,19.7613652357,2.13836980039,4.28774617072,93.8176190204,19.7613652357,2.13836980039,4.28774617072
6,95.5336489126,29.5520206661,89.0464115267,25.5513436327,90.6537841337,24.0053830366,2.20967128727,4.45796899158,90.6537841337,24.0053830366,2.20967128727,4.45796899158
7,93.9372712847,34.2897807455,98.5242142305,26.0687359695,91.6358723527,27.3745617374,2.13855798409,4.12792910943,91.6358723527,27.3745617374,2.13855798409,4.12792910943
8,92.1060994003,38.9418342309,92.9891075434,46.5106848856,90.8270541926,35.6694725692,2.05554957821,4.64433266032,90.8270541926,35.6694725692,2.05554957821,4.64433266032
9,90.0447102353,43.4965534111,93.8206099137,47.1418305551,90.3373293187,41.9869799364,2.0220641523,4.78892338695,90.3373293187,41.9869799364,2.0220641523,4.78892338695
10,87.758256189,47.9425538604,84.8007563902,48.9865917382,87.280931395,47.0009684842,2.08597325466,4.93065357086,87.280931395,47.0009684842,2.08597325466,4.93065357086
11,85.252452206,52.2687228931,94.474400391,57.6967953539,87.5635626664,53.0809700492,2.04902698096,4.94837741901,87.5635626664,53.0809700492,2.04902698096,4.94837741901
12,82.533561491,56.4642473395,91.6181727369,59.6073761986,86.9552822123,58.0676965982,2.05634935867,4.91018897462,86.9552822123,58.0676965982,2.05634935867,4.91018897462
13,79.6083798549,60.5186405736,78.9892131035,56.1481416576,83.2150930331,60.8748340022,2.15244132393,4.84954423227,83.2150930331,60.8748340022,2.15244132393,4.84954423227
14,76.4842187284,64.4217687238,70.9312119531,74.0109067499,78.3729970393,66.9168703484,2.21965166865,5.12800278335,78.3729970393,66.9168703484,2.21965166865,5.12800278335
15,73.1688868874,68.1638760023,69.764357486,68.6512862016,74.0393080002,70.4591024016,2.29586882233,5.14715709365,74.0393080002,70.4591024016,2.29586882233,5.14715709365
16,69.6706709347,71.73560909,69.7415175667,74.2704907464,70.4394715169,74.2975635428,2.34885602268,5.15532411889,70.4394715169,74.2975635428,2.34885602268,5.15532411889
17,65.9983145885,75.128040514,65.7005615362,80.2518249079,66.6097569612,78.4128410244,2.39738543092,5.195929731,66.6097569612,78.4128410244,2.39738543092,5.195929731
18,62.1609968271,78.3326909627,58.8559417548,73.6931961607,61.9937793763,80.3576337337,2.47319925292,5.13375612658,61.9937793763,80.3576337337,2.47319925292,5.13375612658
19,58.1683089464,81.3415504789,59.6980635217,76.8954996021,58.2496809472,82.3479446384,2.53130147572,5.04851332161,58.2496809472,82.3479446384,2.53130147572,5.04851332161
20,54.0302305868,84.1470984808,51.9849413579,79.2309560369,53.7210156227,84.1954446351,2.5956942775,5.00889933315,53.7210156227,84.1954446351,2.5956942775,5.00889933315
21,49.7571047892,86.7423225594,43.3478306747,86.5854279942,48.4283665904,86.7440233786,2.65664987927,5.05585076015,48.4283665904,86.7440233786,2.65664987927,5.05585076015
22,45.3596121426,89.1207360061,43.9350979952,93.4645340315,43.9614839087,89.7927503404,2.70005619006,5.08964135667,43.9614839087,89.7927503404,2.70005619006,5.08964135667
23,40.8487440884,91.2763940261,40.524809809,86.7023369975,39.5301379783,91.1669188758,2.75606256875,5.04419039035,39.5301379783,91.1669188758,2.75606256875,5.04419039035
24,36.2357754477,93.2039085967,41.2376913919,93.3755294133,35.7980156988,93.1154875467,2.79790459565,4.99897027149,35.7980156988,93.1154875467,2.79790459565,4.99897027149
25,31.5322362395,94.8984619356,27.525589748,93.6471990972,30.5825583741,94.6361310746,2.85324361456,5.01821740246,30.5825583741,94.6361310746,2.85324361456,5.01821740246
26,26.7498828625,96.3558185417,27.2088829387,91.0679963655,25.9707044648,95.3842689676,2.90811012463,4.98237957587,25.9707044648,95.3842689676,2.90811012463,4.98237957587
27,21.9006687093,97.5723357827,23.269692669,93.2657554118,21.4130775191,96.1075018384,2.96020388991,4.95226675433,21.4130775191,96.1075018384,2.96020388991,4.95226675433
28,16.99671429,98.5449729988,6.32937649293,96.7772007916,15.2105576925,96.9822128901,3.0180445244,5.02155433518,15.2105576925,96.9822128901,3.0180445244,5.02155433518
29,12.0502769367,99.2712991038,14.0701633395,103.418835529,10.7089987774,98.305763893,3.05917999596,5.01712724283,10.7089987774,98.305763893,3.05917999596,5.01712724283
30,7.07372016677,99.7494986604,2.28122312003,97.9057805131,5.28429006052,98.627400605,3.111990762,5.03742812476,5.28429006052,98.627400605,3.111990762,5.03742812476
31,2.07948278031,99.9783764189,0.447898520977,100.286280761,0.271209201919,98.9484370696,3.16037397618,5.04054494217,0.271209201919,98.9484370696,3.16037397618,5.04054494217
32,-2.91995223013,99.9573603042,9.47352591789,102.7475385,-3.07572949498,99.2653880112,3.20049561908,4.95680750496,-3.07572949498,99.2653880112,3.20049561908,4.95680750496
33,-7.91208888067,99.6865028454,-0.216708620311,98.8046013559,-7.10909991383,98.9460599201,3.24777587546,4.90542392999,-7.10909991383,98.9460599201,3.24777587546,4.90542392999
34,-12.8844494296,99.1664810452,-8.74939495003,104.407687717,-11.6196716005,99.0428973226,3.29145452199,4.89589078656,-11.6196716005,99.0428973226,3.29145452199,4.89589078656
35,-17.8246055649,98.3985946874,-18.6225416944,103.467510162,-16.7101608722,98.8317801982,3.33762707617,4.91810545297,-16.7101608722,98.8317801982,3.33762707617,4.91810545297
36,-22.7202094693,97.3847630878,-27.0088182147,92.6409143013,-22.1465380164,97.3646517918,3.39307039627,4.94633174534,-22.1465380164,97.3646517918,3.39307039627,4.94633174534
37,-27.5590246825,96.1275202975,-25.5672548504,96.0740004391,-26.7855291947,96.1284238337,3.44288641404,4.93755212661,-26.7855291947,96.1284238337,3.44288641404,4.93755212661
38,-32.3289566864,94.6300087687,-33.4530008991,92.8725165054,-31.7158823007,94.4960111579,3.49448234058,4.94862269332,-31.7158823007,94.4960111579,3.49448234058,4.94862269332
39,-37.0180831351,92.8959715004,-43.5914213537,84.4816038943,-37.1553234211,92.0258575795,3.55111668726,4.99055727209,-37.1553234211,92.0258575795,3.55111668726,4.99055727209
40,-41.6146836547,90.9297426826,-41.7236679844,85.6830921034,-41.7427230184,89.655282817,3.60412901662,4.98994017177,-41.7427230184,89.655282817,3.60412901662,4.98994017177
41,-46.1072691377,88.7362368633,-50.5075708426,92.1852006868,-46.6471525466,87.8240017,3.65105917888,5.01574691167,-46.6471525466,87.8240017,3.65105917888,5.01574691167
42,-50.48461046,86.3209366649,-44.9414080957,86.3581140721,-50.3852076406,85.4871349071,3.70051423216,4.97801572396,-50.3852076406,85.4871349071,3.70051423216,4.97801572396
43,-54.735766548,83.6898790798,-57.0564578527,81.4050072226,-54.8669985608,82.7143533828,3.75128613342,4.99394553331,-54.8669985608,82.7143533828,3.75128613342,4.99394553331
44,-58.8501117255,80.849640382,-55.5272657686,78.0313998833,-58.6222634169,79.7283129432,3.80257675363,4.97520971918,-58.6222634169,79.7283129432,3.80257675363,4.97520971918
45,-62.8173622723,77.8073196888,-65.4680528634,85.0909204437,-62.778650767,77.3304797836,3.84766295127,4.98153372694,-62.778650767,77.3304797836,3.84766295127,4.98153372694
46,-66.627602128,74.5705212177,-66.4230554786,69.6790234531,-66.5943490808,73.7466084747,3.89999913357,4.98765274699,-66.5943490808,73.7466084747,3.89999913357,4.98765274699
47,-70.2713076774,71.1473352791,-69.4960381317,65.5012351922,-70.1935873501,69.9419834761,3.95249990904,4.99244740589,-70.1935873501,69.9419834761,3.95249990904,4.99244740589
48,-73.7393715541,67.5463180551,-75.3447964619,67.3936056605,-73.7859409033,66.3877956048,4.00172198677,4.99981209172,-73.7859409033,66.3877956048,4.00172198677,4.99981209172
49,-77.0231254047,63.7764702135,-66.2940520492,71.7003598517,-75.90993588,63.4502410263,4.04955133207,4.91873812242,-75.90993588,63.4502410263,4.04955133207,4.91873812242
50,-80.1143615547,59.8472144104,-76.1123287684,55.4553266468,-78.7294927454,59.2877579977,4.10183780102,4.91447769563,-78.7294927454,59.2877579977,4.10183780102,4.91447769563
51,-83.0053535235,55.7683717391,-77.0239956017,56.9744598397,-81.1071186367,55.4636677999,4.15210017079,4.88576658205,-81.1071186367,55.4636677999,4.15210017079,4.88576658205
52,-85.6888753369,51.5501371821,-75.2011434236,54.9875172136,-82.8825255144,51.7506698621,4.20262300223,4.83088052399,-82.8825255144,51.7506698621,4.20262300223,4.83088052399
53,-88.1582195878,47.203054129,-86.2196445111,44.3666158723,-85.3790404886,47.2642603128,4.25349976843,4.84653691892,-85.3790404886,47.2642603128,4.25349976843,4.84653691892
54,-90.4072142017,42.7379880234,-85.1806231942,47.6827406653,-87.2412713273,43.3450093851,4.30252371109,4.81796881614,-87.2412713273,43.3450093851,4.30252371109,4.81796881614
55,-92.4302378632,38.1660992052,-99.2893695798,36.1985661386,-90.0555066839,38.5184406731,4.35076413241,4.87472945846,-90.0555066839,38.5184406731,4.35076413241,4.87472945846
56,-94.2222340669,33.4988150156,-99.014269845,37.7651157506,-92.2960974545,34.1385640493,4.39778800305,4.89057296793,-92.2960974545,34.1385640493,4.39778800305,4.89057296793
57,-95.7787237553,28.7478012343,-109.123423554,30.574018394,-94.997602712,29.2879780053,4.44334456023,4.94938990673,-94.997602712,29.2879780053,4.44334456023,4.94938990673
58,-97.095816515,23.9249329214,-101.109242424,24.7161817798,-96.6773744853,24.4419518754,4.49196005115,4.96733998455,-96.6773744853,24.4419518754,4.49196005115,4.96733998455
59,-98.1702202998,19.0422647361,-100.425300033,10.2096585161,-98.1404669343,18.7306140826,4.54322478501,5.0215467607,-98.1404669343,18.7306140826,4.54322478501,5.0215467607
60,-98.99924966,14.112000806,-102.68215738,17.1024131149,-99.1909892689,14.0041865913,4.59150534466,5.01806413844,-99.1909892689,14.0041865913,4.59150534466,5.01806413844
61,-99.5808324539,9.14646422324,-94.0073126763,6.35827881975,-99.4385644742,8.88969581065,4.64367380775,5.01294862598,-99.4385644742,8.88969581065,4.64367380775,5.01294862598
62,-99.9135150273,4.15806624333,-104.180265179,-1.83308099441,-100.182307464,3.29061400689,4.69325399404,5.05590871598,-100.182307464,3.29061400689,4.69325399404,5.05590871598
63,-99.9964658471,-0.840724736715,-103.79022514,-11.5773842281,-100.674059633,-2.72997411866,4.74353458178,5.11813030959,-100.674059633,-2.72997411866,4.74353458178,5.11813030959
64,-99.8294775795,-5.83741434276,-99.3395875745,-4.71134356009,-100.390694041,-7.53332482089,4.79352212963,5.09802405592,-100.390694041,-7.53332482089,4.79352212963,5.09802405592
65,-99.4129676081,-10.819513453,-103.661082287,-8.96779355479,-100.154775542,-12.3202552722,4.84204998191,5.0853962806,-100.154775542,-12.3202552722,4.84204998191,5.0853962806
66,-98.7479769909,-15.7745694143,-95.9444637576,-25.1774996356,-99.3821732917,-18.0700511903,4.8937531678,5.12356693039,-99.3821732917,-18.0700511903,4.8937531678,5.12356693039
67,-97.8361678582,-20.6901971673,-99.5736568031,-20.4254920016,-98.4938873459,-22.8606903956,4.94324755996,5.10969845109,-98.4938873459,-22.8606903956,4.94324755996,5.10969845109
68,-96.6798192579,-25.5541102027,-89.8255307658,-29.0549599265,-96.9040990114,-27.8844590286,4.99555050403,5.10743347602,-96.9040990114,-27.8844590286,4.99555050403,5.10743347602
69,-95.2818214594,-30.3541512708,-91.5767080473,-29.2667247677,-95.2308511191,-32.4106198253,5.04660516113,5.08276894333,-95.2308511191,-32.4106198253,5.04660516113,5.08276894333
70,-93.6456687291,-35.078322769,-97.2100705335,-43.976863738,-93.802082363,-37.9057651386,5.0956254178,5.12562680318,-93.802082363,-37.9057651386,5.0956254178,5.12562680318
71,-91.7754505966,-39.7148167286,-87.7518341727,-37.1162508569,-91.6415850695,-42.0917171033,5.14683643267,5.09089831585,-91.6415850695,-42.0917171033,5.14683643267,5.09089831585
72,-89.6758416334,-44.2520443295,-84.7877130981,-46.0296086202,-89.2432791055,-46.6366959277,5.19819585089,5.08667426006,-89.2432791055,-46.6366959277,5.19819585089,5.08667426006
73,-87.3520897684,-48.6786648656,-82.6542508283,-38.7556835664,-86.6570928506,-49.9004040611,5.24976916041,5.01340870904,-86.6570928506,-49.9004040611,5.24976916041,5.01340870904
74,-84.810003171,-52.9836140908,-96.1245830114,-59.7330379866,-84.7167487782,-54.7160611062,5.29620432958,5.03932157394,-84.7167487782,-54.7160611062,5.29620432958,5.03932157394
75,-82.055935734,-57.1561318742,-84.6243627183,-60.3318367116,-82.075233813,-59.0451635637,5.34539817561,5.0452874586,-82.075233813,-59.0451635637,5.34539817561,5.0452874586
76,-79.0967711914,-61.1857890943,-89.0441339007,-65.1255247955,-79.6138459466,-63.2304265445,5.39263783717,5.04508485099,-79.6138459466,-63.2304265445,5.39263783717,5.04508485099
77,-75.9399059138,-65.0625137065,-67.5489916278,-58.2219242241,-76.0452282746,-66.3717360998,5.4456632236,5.00646824298,-76.0452282746,-66.3717360998,5.4456632236,5.00646824298
78,-72.59323042,-68.7766159184,-70.799758007,-61.5650398994,-72.6954836064,-69.2917212254,5.49695037192,4.96090518978,-72.6954836064,-69.2917212254,5.49695037192,4.96090518978
79,-69.0651096561,-72.3188124087,-70.3317792659,-74.8805076581,-69.2250936415,-72.983675536,5.54645372724,4.97022821494,-69.2250936415,-72.983675536,5.54645372724,4.97022821494
80,-65.3643620864,-75.6802495308,-71.0987020183,-74.1683063556,-65.9024678173,-76.029636988,5.59541774547,4.94499040231,-65.9024678173,-76.029636988,5.59541774547,4.94499040231
81,-61.5002376526,-78.8525254426,-65.0046501088,-68.623457545,-62.4491808882,-78.1474061275,5.6461121099,4.88022742212,-62.4491808882,-78.1474061275,5.6461121099,4.88022742212
82,-57.4823946533,-81.8277111064,-60.7096116671,-80.9613949642,-58.6620497691,-80.9988475076,5.69565630495,4.87330574345,-58.6620497691,-80.9988475076,5.69565630495,4.87330574345
83,-53.3208756037,-84.5983701075,-49.411493293,-84.2667884708,-54.2652353548,-83.8609220987,5.74663822766,4.89293395782,-54.2652353548,-83.8609220987,5.74663822766,4.89293395782
84,-49.0260821341,-87.1575772414,-47.4477635359,-97.2531096096,-49.6429498942,-87.3506298283,5.79546356859,4.95561425898,-49.6429498942,-87.3506298283,5.79546356859,4.95561425898
85,-44.6087489914,-89.4989358229,-38.2366617585,-101.618790277,-44.5088767666,-90.8298650769,5.84482250476,5.0383965894,-44.5088767666,-90.8298650769,5.84482250476,5.0383965894
86,-40.079917208,-91.6165936749,-40.4524651876,-85.10779166,-40.1735757454,-92.3233288834,5.89607567024,5.0007126523,-40.1735757454,-92.3233288834,5.89607567024,5.0007126523
87,-35.4509065048,-93.5052577558,-46.9689758648,-83.7884290606,-36.6260510276,-93.1146148337,5.94603847419,4.90765297584,-36.6260510276,-93.1146148337,5.94603847419,4.90765297584
88,-30.7332869978,-95.160207389,-25.8054383541,-93.8574699676,-31.5555077549,-94.8272126372,5.99716081001,4.93134243039,-31.5555077549,-94.8272126372,5.99716081001,4.93134243039
89,-25.938850279,-96.5773060621,-20.8209618631,-98.4358382293,-26.3066742687,-96.5306013083,6.0476063252,4.96765279188,-26.3066742687,-96.5306013083,6.0476063252,4.96765279188
90,-21.0795799431,-97.7530117665,-20.4217360478,-100.64752053,-21.3189536684,-97.9235666515,6.09716818437,4.98346805033,-21.3189536684,-97.9235666515,6.09716818437,4.98346805033
91,-16.1676216354,-98.6843858503,-13.1573440887,-93.492549529,-16.2846191357,-98.563320518,6.1486444992,4.98165356704,-16.2846191357,-98.563320518,6.1486444992,4.98165356704
92,-11.2152526935,-99.3691003633,-11.2493242798,-90.0846779188,-11.5551480934,-98.6393852801,6.20053407268,4.95362112421,-11.5551480934,-98.6393852801,6.20053407268,4.95362112421
93,-6.2348514607,-99.8054438759,-5.79462310811,-94.485546099,-6.64996466426,-98.7815277931,6.2515717837,4.94499029808,-6.64996466426,-98.7815277931,6.2515717837,4.94499029808
94,-1.23886634629,-99.9923257564,-1.81373347303,-93.1096029537,-1.84070228506,-98.5847003844,6.30280107684,4.92942099795,-1.84070228506,-98.5847003844,6.30280107684,4.92942099795
95,3.7602152888,-99.9292788975,-3.04771035112,-96.6470862988,2.49502054549,-98.2601290626,6.35271754516,4.89102486878,2.49502054549,-98.2601290626,6.35271754516,4.89102486878
96,8.74989834394,-99.6164608836,4.81604290976,-110.869357645,7.37082868228,-98.5985063668,6.39973134152,4.90234003364,7.37082868228,-98.5985063668,6.39973134152,4.90234003364
97,13.7177112101,-99.0546535967,2.0335088356,-106.241738725,11.4100603028,-98.3080133117,6.4473643988,4.85737251482,11.4100603028,-98.3080133117,6.4473643988,4.85737251482
98,18.6512369423,-98.2452612624,20.6903454552,-90.8560146403,16.5384809993,-97.2282413959,6.49902923956,4.87428790982,16.5384809993,-97.2282413959,6.49902923956,4.87428790982
99,23.5381442954,-97.1903069402,20.4700535874,-95.4011485436,21.2098257065,-96.1345612802,6.5491745103,4.86851038645,21.2098257065,-96.1345612802,6.5491745103,4.86851038645
100,28.3662185463,-95.8924274663,28.5300185683,-102.374123259,26.2359475906,-95.2538897333,6.59757251861,4.89020226843,26.2359475906,-95.2538897333,6.59757251861,4.89020226843
